<application>
  <component name="FileTypeManager" version="18">
    <extensionMap>
      <mapping ext="space.kts" type="Kotlin" />
      <mapping ext="gradle.kts" type="Kotlin" />
      <mapping ext="main.kts" type="Kotlin" />
      <mapping pattern="nimbus_hosts" type="PLAIN_TEXT" />
      <mapping pattern="overwindow.data" type="PLAIN_TEXT" />
      <mapping pattern="a.xml" type="PLAIN_TEXT" />
      <mapping pattern="supervisor_hosts" type="PLAIN_TEXT" />
      <mapping pattern="authorized_keys" type="PLAIN_TEXT" />
      <mapping pattern="config" type="PLAIN_TEXT" />
      <mapping pattern="hosts" type="PLAIN_TEXT" />
      <mapping pattern="id_rsa" type="PLAIN_TEXT" />
      <mapping ext="pub" type="PLAIN_TEXT" />
      <mapping pattern="a" type="XML" />
      <removed_mapping ext="ignore" approved="true" type="IgnoreLang file" />
      <mapping pattern=".gitignore_global" type="Git file" />
    </extensionMap>
  </component>
</application>