<application>
  <component name="ApplicationCodeStyleSettingsMigration">
    <option name="version" value="1" />
  </component>
  <component name="ScalaApplicationSettings">
    <option name="INTRODUCE_VARIABLE_EXPLICIT_TYPE" value="false" />
    <option name="SPECIFY_RETURN_TYPE_EXPLICITLY" value="ADD" />
    <option name="ADD_UNAMBIGUOUS_IMPORTS_ON_THE_FLY" value="true" />
  </component>
  <component name="TypeAwareHighlightingApplicationState">
    <option name="SUGGEST_TYPE_AWARE_HIGHLIGHTING_ENABLED" value="true" />
  </component>
</application>