<keymap version="1" name="Mac OS X 10.5+ copy 1" parent="Mac OS X 10.5+">
  <action id="ActivateFindToolWindow">
    <keyboard-shortcut first-keystroke="meta alt 3" />
  </action>
  <action id="ActivateHierarchyToolWindow" />
  <action id="ActivateMavenProjectsToolWindow">
    <keyboard-shortcut first-keystroke="meta 8" />
  </action>
  <action id="ActivateMavenToolWindow">
    <keyboard-shortcut first-keystroke="meta 8" />
  </action>
  <action id="ActivateServicesToolWindow" />
  <action id="ActivateTerminalToolWindow">
    <keyboard-shortcut first-keystroke="meta 3" />
  </action>
  <action id="ActivateVersionControlToolWindow">
    <keyboard-shortcut first-keystroke="meta 9" />
  </action>
  <action id="CloseProject">
    <keyboard-shortcut first-keystroke="ctrl w" />
  </action>
  <action id="CopyReference">
    <keyboard-shortcut first-keystroke="shift ctrl c" />
  </action>
  <action id="EditorPasteSimple">
    <keyboard-shortcut first-keystroke="shift ctrl v" />
  </action>
  <action id="FileChooser.GotoModule" />
  <action id="RevealIn">
    <keyboard-shortcut first-keystroke="shift ctrl minus" />
    <keyboard-shortcut first-keystroke="shift meta 0" />
  </action>
  <action id="Scala.ShowImplicits">
    <keyboard-shortcut first-keystroke="shift ctrl alt equals" />
    <keyboard-shortcut first-keystroke="shift ctrl alt add" />
  </action>
  <action id="SplitHorizontally">
    <keyboard-shortcut first-keystroke="ctrl meta h" />
  </action>
  <action id="SplitVertically">
    <keyboard-shortcut first-keystroke="ctrl meta v" />
  </action>
</keymap>